{
    "mainPj": {
        "Texture": 0,
        "actualScene": 0,
        "h": 201.6,
        "itemList": [
            {
                "Texture": 56,
                "descripcion": "Es un rotulador... rojo.... y ya.",
                "h": 36.92307692307692,
                "rotation": 0.0,
                "soundEffect": 1,
                "tag": "rotulador",
                "w": 49.230769230769226,
                "x": 938.1846153846153,
                "y": 8.53846153846154
            }
        ],
        "pass_": 0,
        "rotation": 0.0,
        "soundEffect": 1,
        "w": 84.0,
        "x": 640.0,
        "y": 464.0
    }
}