{
    "mainPj": {
        "Texture": 0,
        "actualScene": 8,
        "h": 201.6,
        "itemList": [
            {
                "Texture": 54,
                "descripcion": "Es la llave del coche  de la empresa",
                "h": 36.92307692307692,
                "rotation": 0.0,
                "soundEffect": 1,
                "tag": "keyCoche",
                "w": 49.230769230769226,
                "x": 938.1846153846153,
                "y": 8.53846153846154
            }
        ],
        "pass_": 0,
        "rotation": 0.0,
        "soundEffect": 1,
        "w": 84.0,
        "x": 322.0,
        "y": 456.0
    }
}